feature,importance
fever_headache,1.7040394423719931
vomiting,0.9694934122712483
fatigue,0.879860006613995
diarrhea,0.7384075186332033
rigor,0.6300026566620561
headache,0.3379140484911778
anemia,0.29680729105306264
fever,0.18973845227422126
